product_code,rule_id,clause_ref,parameter,operator,value,value_max,condition,action,reason_code,description
PL,PL-R01,PL-2.1,age,lt,21,,,DECLINE,PL_AGE_MIN,Applicant younger than 21 years
PL,PL-R02,PL-2.2,age_at_maturity,gt,60,,,DECLINE,PL_AGE_MATURITY,Age at maturity exceeds 60 years
PL,PL-R03,PL-2.3,net_monthly_income,lt,25000,,,DECLINE,PL_INCOME_MIN,Net monthly income below INR 25000
PL,PL-R04,PL-2.4,current_employment_months,lt,6,,,DECLINE,PL_EMP_CURRENT,Less than 6 months with current employer
PL,PL-R05,PL-2.4,total_experience_months,lt,12,,,DECLINE,PL_EMP_TOTAL,Less than 12 months total experience
PL,PL-R06,PL-3.3,bureau_score,lt,650,,is_ntc eq false,DECLINE,PL_BUREAU_LOW,Bureau score below 650
PL,PL-R07,PL-3.2,bureau_score,between,650,699,is_ntc eq false,REFER,PL_BUREAU_BAND,Bureau score 650-699 needs manual underwriting
PL,PL-R08,PL-3.4,is_ntc,eq,true,,,REFER,PL_NTC,New-to-credit applicant
PL,PL-R09,PL-3.5,max_dpd_12m,gt,30,,,DECLINE,PL_DPD_30PLUS,Delinquency above 30 DPD in last 12 months
PL,PL-R10,PL-3.5,max_dpd_12m,between,1,30,,REFER,PL_DPD_1_30,Delinquency of 1-30 DPD in last 12 months
PL,PL-R11,PL-3.6,writeoff_settled_24m,eq,true,,,DECLINE,PL_WRITEOFF,Written-off / settled / suit-filed account in 24 months
PL,PL-R12,PL-3.7,enquiries_6m,gt,6,,,REFER,PL_CREDIT_HUNGER,More than 6 enquiries in 6 months
PL,PL-R13,PL-4.2,foir,gt,0.55,,,DECLINE,PL_FOIR_HIGH,FOIR above 55%
PL,PL-R14,PL-4.2,foir,gt_lte,0.50,0.55,,REFER,PL_FOIR_BAND,FOIR between 50% and 55%
PL,PL-R15,PL-1.2,loan_amount,not_between,50000,1500000,,DECLINE,PL_AMOUNT_RANGE,Loan amount outside INR 50000-1500000
PL,PL-R16,PL-1.2,tenure_months,not_between,12,60,,DECLINE,PL_TENURE_RANGE,Tenure outside 12-60 months
PL,PL-R17,PL-1.3,employment_type,ne,salaried,,,DECLINE,PL_NOT_SALARIED,Applicant is not salaried
MSME_RF,RF-R01,RF-2.1,udyam_registered,eq,false,,,DECLINE,RF_NO_UDYAM,No valid Udyam registration
MSME_RF,RF-R02,RF-2.1,gst_registered,eq,false,,,DECLINE,RF_NO_GST,No valid GST registration
MSME_RF,RF-R03,RF-2.2,business_vintage_months,lt,36,,,DECLINE,RF_VINTAGE,Business vintage below 3 years
MSME_RF,RF-R04,RF-2.3,annual_turnover,not_between,10000000,500000000,,DECLINE,RF_TURNOVER_RANGE,Turnover outside INR 1-50 crore
MSME_RF,RF-R05,RF-2.4,gst_filing_gaps_6m,gt,0,,,REFER,RF_GST_GAP,Missing GST return in last 6 months
MSME_RF,RF-R06,RF-2.5,promoter_bureau_score,lt,650,,,DECLINE,RF_PROMOTER_LOW,Promoter bureau score below 650
MSME_RF,RF-R07,RF-2.5,promoter_bureau_score,between,650,679,,REFER,RF_PROMOTER_BAND,Promoter bureau score 650-679
MSME_RF,RF-R08,RF-3.1,cmr_rank,between,8,10,,DECLINE,RF_CMR_HIGH_RISK,Commercial bureau rank 8-10
MSME_RF,RF-R09,RF-3.1,cmr_rank,eq,7,,,REFER,RF_CMR_7,Commercial bureau rank 7
MSME_RF,RF-R10,RF-3.2,dscr,lt,1.10,,,DECLINE,RF_DSCR_LOW,DSCR below 1.10
MSME_RF,RF-R11,RF-3.2,dscr,gte_lt,1.10,1.25,,REFER,RF_DSCR_BAND,DSCR between 1.10 and 1.25
MSME_RF,RF-R12,RF-3.3,sma2_npa_12m,eq,true,,,DECLINE,RF_SMA2_NPA,SMA-2 or NPA classification in last 12 months
MSME_RF,RF-R13,RF-4.2,receivables_over_90d_pct,gt,0,,,REFER,RF_AGEING_90,Receivables aged above 90 days in portfolio
MSME_RF,RF-R14,RF-4.3,advance_rate,gt,0.80,,,DECLINE,RF_ADVANCE_RATE,Requested advance above 80% of eligible receivables
MSME_RF,RF-R15,RF-4.4,top_debtor_concentration,gt,0.50,,,DECLINE,RF_CONCENTRATION_HIGH,Single-debtor concentration above 50%
MSME_RF,RF-R16,RF-4.4,top_debtor_concentration,gt_lte,0.40,0.50,,REFER,RF_CONCENTRATION_BAND,Single-debtor concentration 40-50%
MSME_RF,RF-R17,RF-4.5,related_party_receivables_pct,gt,0,,,REFER,RF_RELATED_PARTY,Receivables from related / group entities
MSME_RF,RF-R18,RF-1.2,facility_amount,not_between,1000000,50000000,,DECLINE,RF_AMOUNT_RANGE,Facility outside INR 10 lakh - 5 crore
TW,TW-R01,TW-2.1,age,lt,18,,,DECLINE,TW_AGE_MIN,Applicant younger than 18 years
TW,TW-R02,TW-2.2,age_at_maturity,gt,65,,,DECLINE,TW_AGE_MATURITY,Age at maturity exceeds 65 years
TW,TW-R03,TW-2.3,net_monthly_income,lt,12000,,,DECLINE,TW_INCOME_MIN,Net monthly income below INR 12000
TW,TW-R04,TW-2.4,residence_months,lt,12,,owns_residence eq false,REFER,TW_RESIDENCE,Residence stability below 12 months (rented)
TW,TW-R05,TW-3.2,bureau_score,lt,600,,is_ntc eq false,DECLINE,TW_BUREAU_LOW,Bureau score below 600
TW,TW-R06,TW-3.2,bureau_score,between,600,649,is_ntc eq false,REFER,TW_BUREAU_BAND,Bureau score 600-649
TW,TW-R07,TW-3.3,ltv,gt,0.80,,is_ntc eq true,REFER,TW_NTC_LTV,New-to-credit with LTV above 80%
TW,TW-R08,TW-3.3,foir,gt,0.40,,is_ntc eq true,REFER,TW_NTC_FOIR,New-to-credit with FOIR above 40%
TW,TW-R09,TW-3.4,max_dpd_12m,gt,60,,,DECLINE,TW_DPD_60PLUS,Delinquency above 60 DPD in last 12 months
TW,TW-R10,TW-4.1,ltv,gt,0.90,,,DECLINE,TW_LTV_HIGH,LTV above 90% of on-road price
TW,TW-R11,TW-4.2,foir,gt,0.55,,,DECLINE,TW_FOIR_HIGH,FOIR above 55%
TW,TW-R12,TW-1.3,dealer_empanelled,eq,false,,,DECLINE,TW_DEALER,Dealer not empanelled
TW,TW-R13,TW-1.3,vehicle_condition,ne,new,,,DECLINE,TW_USED_VEHICLE,Vehicle is not new
TW,TW-R14,TW-1.2,loan_amount,not_between,30000,300000,,DECLINE,TW_AMOUNT_RANGE,Loan amount outside INR 30000-300000
TW,TW-R15,TW-1.2,tenure_months,not_between,12,48,,DECLINE,TW_TENURE_RANGE,Tenure outside 12-48 months
